,ExternalRiskEstimate,MSinceOldestTradeOpen,MSinceMostRecentTradeOpen,AverageMInFile,NumSatisfactoryTrades,NumTrades60Ever2DerogPubRec,NumTrades90Ever2DerogPubRec,PercentTradesNeverDelq,MSinceMostRecentDelq,MaxDelq2PublicRecLast12M,MaxDelqEver,NumTotalTrades,NumTradesOpeninLast12M,PercentInstallTrades,MSinceMostRecentInqexcl7days,NumInqLast6M,NumInqLast6Mexcl7days,NetFractionRevolvingBurden,NetFractionInstallBurden,NumRevolvingTradesWBalance,NumInstallTradesWBalance,NumBank2NatlTradesWHighUtilization,PercentTradesWBalance,percent,DelqEver,DelqLast12M,PercentSatisfactoryTrades,NumTradesWBalance,RiskPerformance
440,61,183,26,111,3,1,1,60,7,6,2,5,0,20,36,1,1,94,,1,1,0,100,0.628930817610063,True,True,60.0,5,Good
659,56,201,12,67,25,2,1,85,0,2,5,26,0,31,12,0,0,16,77.0,3,4,1,58,0.628930817610063,True,True,96.0,15,Bad
321,81,58,34,49,5,0,0,100,125,7,7,5,0,80,0,0,0,14,60.0,1,2,0,100,0.14903129657228018,False,False,100.0,5,Good
638,71,235,4,71,32,1,1,94,83,7,2,33,6,27,0,0,0,49,92.0,9,3,1,80,0.14903129657228018,True,False,97.0,26,Good
87,88,286,76,133,4,0,0,100,125,7,7,5,0,60,0,0,0,9,,1,2,0,100,0.14903129657228018,False,False,80.0,5,Good
586,77,281,9,90,37,0,0,100,125,7,7,37,1,38,0,1,1,34,53.0,3,4,1,62,0.14903129657228018,False,False,100.0,22,Bad
289,78,185,12,63,13,0,0,100,125,7,7,13,0,31,0,0,0,45,,8,1,2,100,0.14903129657228018,False,False,100.0,13,Good
372,81,119,8,54,22,0,0,100,125,7,7,25,3,36,0,3,3,28,92.0,2,2,0,67,0.14903129657228018,False,False,88.0,16,Bad
472,86,189,2,76,19,0,0,100,125,7,7,24,3,58,36,0,0,5,100.0,4,3,0,78,0.14903129657228018,False,False,79.0,18,Good
412,55,174,19,86,9,1,0,70,2,5,5,10,0,20,0,0,0,50,75.0,3,1,3,57,0.628930817610063,True,True,90.0,5,Bad
183,62,58,3,18,4,0,0,100,125,7,7,4,3,25,2,6,6,99,97.0,3,1,1,100,0.14903129657228018,False,False,100.0,4,Bad
813,40,166,3,100,12,11,7,48,1,2,2,23,1,17,3,5,5,72,,11,1,3,87,0.628930817610063,True,True,52.0,20,Bad
294,71,200,8,74,35,0,0,97,38,7,6,39,3,56,0,0,0,82,92.0,4,6,3,91,0.14903129657228018,True,False,90.0,35,Bad
817,73,181,3,59,22,0,0,100,125,7,7,22,2,41,0,0,0,56,54.0,6,5,1,79,0.14903129657228018,False,False,100.0,17,Bad
388,65,176,3,101,34,0,0,92,14,7,6,36,1,28,0,3,3,87,0.0,9,3,6,92,0.14903129657228018,True,False,94.0,33,Bad
96,77,206,11,90,15,0,0,100,125,7,7,20,1,27,10,0,0,38,,3,1,1,67,0.14903129657228018,False,False,75.0,13,Good
265,83,217,1,73,34,0,0,100,125,7,7,39,2,21,1,1,1,7,48.0,6,2,1,57,0.14903129657228018,False,False,87.0,22,Good
85,84,227,19,104,26,0,0,96,64,7,6,27,0,15,36,0,0,32,,4,1,0,56,0.14903129657228018,True,False,96.0,15,Good
599,71,209,7,88,35,0,0,91,19,7,6,35,3,34,36,0,0,38,61.0,6,7,0,87,0.14903129657228018,True,False,100.0,30,Bad
676,73,174,3,63,13,1,0,86,18,7,5,14,2,36,3,2,2,24,,2,1,0,75,0.14903129657228018,True,False,93.0,10,Bad
778,81,224,8,110,27,0,0,96,14,7,6,31,1,15,0,0,0,12,,7,1,0,62,0.14903129657228018,True,False,87.0,19,Good
657,68,253,11,99,36,1,1,85,10,6,2,40,2,28,0,0,0,44,,9,1,1,63,0.628930817610063,True,True,90.0,25,Good
122,67,100,3,61,19,0,0,100,125,7,7,21,1,43,0,0,0,99,82.0,7,1,5,89,0.14903129657228018,False,False,90.0,18,Bad
322,67,106,7,63,24,0,0,100,125,7,7,24,1,63,7,0,0,51,22.0,6,7,0,87,0.14903129657228018,False,False,100.0,20,Good
415,64,164,8,71,25,1,0,92,7,6,6,26,3,38,0,3,3,58,84.0,3,3,0,67,0.628930817610063,True,True,96.0,17,Bad
325,83,255,3,72,29,0,0,100,125,7,7,34,2,21,36,2,2,2,,5,1,0,38,0.14903129657228018,False,False,85.0,12,Bad
392,88,188,17,107,9,0,0,100,125,7,7,16,0,33,36,0,0,0,69.0,1,2,0,57,0.14903129657228018,False,False,56.0,9,Bad
196,55,116,3,53,12,3,1,75,64,7,2,16,2,38,0,2,2,97,73.0,6,4,4,100,0.14903129657228018,True,False,75.0,16,Bad
135,64,286,1,72,35,0,0,100,125,7,7,36,4,39,3,3,3,73,79.0,10,5,3,80,0.14903129657228018,False,False,97.0,28,Bad
723,80,161,5,48,10,0,0,90,24,7,6,10,3,50,3,1,1,8,74.0,2,2,0,67,0.14903129657228018,True,False,100.0,6,Bad
233,57,162,7,56,15,0,0,87,2,6,6,15,1,27,0,0,0,85,,3,1,2,100,0.628930817610063,True,True,100.0,15,Bad
622,90,176,30,103,10,0,0,100,125,7,7,10,0,10,0,0,0,6,,2,1,0,60,0.14903129657228018,False,False,100.0,6,Good
825,83,198,3,53,38,0,0,100,125,7,7,39,6,8,36,4,2,4,,2,1,0,18,0.14903129657228018,False,False,97.0,7,Good
327,65,142,14,85,9,4,3,82,12,7,3,13,0,64,0,1,1,30,35.0,2,2,0,100,0.14903129657228018,True,False,69.0,13,Bad
551,85,164,4,90,34,0,0,100,125,7,7,37,2,76,3,1,1,2,,2,1,0,100,0.14903129657228018,False,False,92.0,37,Good
715,84,397,71,199,8,0,0,88,65,7,6,8,0,13,0,0,0,0,,0,2,0,50,0.14903129657228018,True,False,100.0,4,Good
291,81,128,5,58,7,0,0,100,125,7,7,7,1,43,1,1,1,31,81.0,1,2,1,50,0.14903129657228018,False,False,100.0,3,Bad
533,76,179,2,89,28,0,0,100,125,7,7,30,3,37,36,3,3,17,97.0,6,2,2,62,0.14903129657228018,False,False,93.0,18,Good
663,57,118,16,54,2,7,7,20,10,6,2,10,0,40,0,4,4,40,33.0,1,3,0,83,0.628930817610063,True,True,20.0,8,Bad
693,73,39,5,15,9,0,0,100,125,7,7,9,2,33,0,0,0,28,100.0,5,2,0,100,0.14903129657228018,False,False,100.0,9,Bad
691,63,274,2,94,49,0,0,94,21,7,6,52,2,10,0,1,1,43,77.0,19,3,5,64,0.14903129657228018,True,False,94.0,33,Bad
634,82,180,7,86,22,0,0,100,125,7,7,22,1,50,5,0,0,5,42.0,3,4,0,78,0.14903129657228018,False,False,100.0,17,Good
627,77,178,14,107,20,0,0,100,125,7,7,22,0,55,1,1,1,39,86.0,4,2,0,100,0.14903129657228018,False,False,91.0,22,Good
526,60,198,1,92,12,3,2,81,21,7,2,16,3,69,0,6,6,93,92.0,2,2,0,100,0.14903129657228018,True,False,75.0,16,Bad
324,88,159,11,133,15,0,0,100,125,7,7,18,1,50,7,0,0,0,,1,1,0,40,0.14903129657228018,False,False,83.0,7,Good
131,74,204,14,88,51,0,0,100,125,7,7,64,0,40,36,0,0,34,53.0,6,9,1,75,0.14903129657228018,False,False,80.0,48,Bad
775,57,156,4,71,13,3,2,75,6,2,2,16,1,56,36,1,1,95,49.0,2,2,1,100,0.628930817610063,True,True,81.0,16,Bad
720,63,129,6,51,13,0,0,85,1,6,6,13,3,46,0,3,2,43,2.0,4,2,0,75,0.628930817610063,True,True,100.0,9,Bad
43,72,228,1,69,15,0,0,100,125,7,7,16,2,38,0,2,2,63,70.0,5,2,2,78,0.14903129657228018,False,False,94.0,12,Good
211,70,88,7,42,14,1,1,93,25,7,2,16,2,67,36,2,2,38,63.0,2,5,0,88,0.14903129657228018,True,False,88.0,14,Bad
151,68,123,20,44,7,0,0,86,10,7,6,7,0,29,1,1,1,26,72.0,2,2,0,80,0.14903129657228018,True,False,100.0,5,Good
282,63,153,1,106,9,4,4,67,22,7,2,15,1,47,36,2,1,0,100.0,0,1,0,50,0.14903129657228018,True,False,60.0,7,Bad
30,77,126,1,53,31,0,0,100,125,7,7,33,3,24,11,0,0,2,59.0,3,2,0,56,0.14903129657228018,False,False,94.0,18,Good
350,75,132,8,48,21,0,0,95,46,7,6,23,2,14,36,1,1,3,67.0,1,2,0,60,0.14903129657228018,True,False,91.0,13,Bad
573,82,260,21,104,19,0,0,100,125,7,7,21,0,43,4,2,2,4,,1,2,0,17,0.14903129657228018,False,False,90.0,3,Good
353,62,69,5,24,8,1,1,89,33,7,6,9,3,33,1,2,2,92,,4,2,3,67,0.14903129657228018,True,False,89.0,6,Bad
773,83,122,13,35,11,0,0,100,125,7,7,11,0,36,0,0,0,2,,2,1,0,50,0.14903129657228018,False,False,100.0,5,Bad
150,85,166,4,124,26,0,0,100,125,7,7,27,2,38,0,1,1,10,68.0,3,4,1,54,0.14903129657228018,False,False,96.0,14,Good
339,73,136,6,51,15,0,0,100,125,7,7,16,3,38,1,3,3,31,,3,1,1,50,0.14903129657228018,False,False,94.0,8,Good
18,72,103,2,55,3,1,1,80,61,7,4,5,2,60,0,3,3,56,,1,2,0,50,0.14903129657228018,True,False,60.0,2,Bad
13,84,137,0,73,49,0,0,100,125,7,7,51,2,25,0,1,1,1,,1,2,0,17,0.14903129657228018,False,False,96.0,8,Good
607,54,113,2,36,37,0,0,97,8,6,6,38,6,50,0,9,9,59,94.0,4,5,1,69,0.628930817610063,True,True,97.0,26,Bad
696,70,141,8,145,17,3,2,80,29,7,2,20,1,20,16,0,0,46,91.0,5,2,1,100,0.14903129657228018,True,False,85.0,20,Good
562,85,326,4,120,21,0,0,100,125,7,7,44,1,26,4,3,3,5,39.0,2,2,0,31,0.14903129657228018,False,False,48.0,13,Good
639,89,148,6,72,22,1,0,96,34,7,5,24,1,13,0,0,0,0,,1,1,0,12,0.14903129657228018,True,False,92.0,2,Good
80,83,113,25,62,15,0,0,100,125,7,7,15,0,40,0,0,0,35,52.0,3,3,0,60,0.14903129657228018,False,False,100.0,9,Bad
420,78,149,5,61,43,0,0,100,125,7,7,44,1,47,1,2,2,9,91.0,3,9,0,80,0.14903129657228018,False,False,98.0,35,Good
774,60,282,23,108,5,4,1,50,13,7,4,10,0,40,0,1,1,115,62.0,4,3,2,88,0.14903129657228018,True,False,50.0,8,Bad
492,75,160,5,69,12,0,0,100,125,7,7,12,2,42,2,2,2,85,100.0,2,2,2,83,0.14903129657228018,False,False,100.0,9,Bad
229,78,73,19,46,7,0,0,100,125,7,7,7,0,43,19,0,0,27,,3,1,0,100,0.14903129657228018,False,False,100.0,7,Bad
278,87,174,1,73,4,0,0,100,125,7,7,5,2,40,0,1,1,9,,1,1,0,67,0.14903129657228018,False,False,80.0,3,Good
375,67,134,13,61,17,0,0,94,20,7,6,17,0,35,0,1,1,22,70.0,4,5,2,82,0.14903129657228018,True,False,100.0,13,Bad
735,60,161,5,80,34,1,0,89,2,6,5,35,5,20,36,1,1,51,37.0,13,2,1,79,0.628930817610063,True,True,97.0,27,Bad
558,72,232,5,77,21,0,0,91,5,6,6,22,3,32,0,0,0,20,85.0,2,2,0,36,0.628930817610063,True,True,95.0,7,Bad
76,80,390,3,86,29,0,0,100,125,7,7,29,4,24,9,0,0,6,74.0,4,3,0,44,0.14903129657228018,False,False,100.0,12,Good
343,65,120,3,51,9,1,1,70,51,7,6,10,3,50,2,2,1,47,89.0,4,2,0,86,0.14903129657228018,True,False,90.0,8,Good
251,61,129,7,54,24,0,0,100,125,7,7,24,3,17,36,2,2,31,86.0,10,2,4,92,0.14903129657228018,False,False,100.0,22,Bad
425,63,148,2,56,31,1,1,97,67,7,2,38,5,45,0,3,3,82,,9,2,6,92,0.14903129657228018,True,False,82.0,34,Bad
418,62,102,3,51,20,1,0,78,11,6,5,23,4,39,0,1,1,56,85.0,3,3,2,75,0.628930817610063,True,True,87.0,17,Bad
458,60,28,3,17,13,0,0,100,125,7,7,13,2,38,0,3,3,67,96.0,5,4,3,75,0.14903129657228018,False,False,100.0,9,Bad
808,71,164,10,81,12,0,0,100,125,7,7,12,1,33,0,1,0,83,40.0,5,2,2,78,0.14903129657228018,False,False,100.0,9,Bad
557,63,320,12,88,13,1,1,79,2,4,4,14,0,29,0,0,0,17,,3,1,0,36,0.628930817610063,True,True,93.0,5,Bad
116,59,220,87,132,10,5,2,59,3,6,2,17,0,41,22,0,0,0,,0,1,0,33,0.628930817610063,True,True,59.0,5,Bad
92,62,144,6,81,4,5,3,33,17,7,2,9,1,22,36,0,0,36,59.0,2,1,0,75,0.14903129657228018,True,False,44.0,6,Bad
711,89,423,18,110,13,0,0,100,125,7,7,13,0,15,0,0,0,2,59.0,2,1,0,43,0.14903129657228018,False,False,100.0,5,Good
763,60,82,14,38,19,0,0,95,12,7,6,20,0,35,16,0,0,68,,6,2,3,62,0.14903129657228018,True,False,95.0,12,Bad
747,63,125,2,57,39,0,0,100,125,7,7,59,2,29,0,7,6,69,85.0,10,4,7,71,0.14903129657228018,False,False,66.0,41,Bad
227,82,115,5,57,19,1,0,95,72,7,5,21,2,24,0,6,6,9,,2,2,0,20,0.14903129657228018,True,False,90.0,4,Good
487,69,159,12,57,18,0,0,95,32,7,6,20,0,20,0,0,0,83,,5,1,2,75,0.14903129657228018,True,False,90.0,15,Bad
610,69,51,4,20,6,2,2,86,54,7,2,9,3,43,0,3,3,48,71.0,3,2,0,100,0.14903129657228018,True,False,67.0,9,Bad
29,80,93,2,34,13,0,0,100,125,7,7,15,3,40,7,0,0,6,84.0,3,3,0,67,0.14903129657228018,False,False,87.0,10,Good
605,74,565,4,148,24,0,0,96,62,7,6,24,2,13,36,0,0,34,90.0,6,1,1,58,0.14903129657228018,True,False,100.0,13,Bad
24,75,175,2,61,35,0,0,100,125,7,7,38,7,34,2,2,2,16,83.0,3,2,2,33,0.14903129657228018,False,False,92.0,12,Good
439,61,187,8,46,26,4,0,88,38,7,5,33,1,36,0,5,5,60,77.0,7,2,3,75,0.14903129657228018,True,False,79.0,24,Bad
625,82,197,75,173,12,1,0,93,48,7,5,14,0,7,36,1,1,1,,6,2,0,67,0.14903129657228018,True,False,86.0,9,Good
277,65,321,6,114,27,1,1,82,17,7,3,28,3,32,0,0,0,66,,6,1,1,88,0.14903129657228018,True,False,96.0,24,Bad
490,74,159,9,69,26,0,0,100,125,7,7,27,2,48,36,0,0,61,67.0,3,4,2,78,0.14903129657228018,False,False,96.0,21,Bad
718,76,218,12,85,27,0,0,100,125,7,7,41,0,21,0,0,0,44,,3,1,1,42,0.14903129657228018,False,False,66.0,17,Good
823,68,178,7,67,36,2,0,78,7,6,5,41,3,54,36,0,0,17,65.0,4,5,0,64,0.628930817610063,True,True,88.0,26,Bad
255,77,237,5,78,27,0,0,100,125,7,7,27,2,11,15,0,0,35,,5,1,2,67,0.14903129657228018,False,False,100.0,18,Good
514,91,538,47,212,12,0,0,100,125,7,7,12,0,17,0,0,0,4,,1,2,0,14,0.14903129657228018,False,False,100.0,1,Good
649,69,50,5,32,15,0,0,100,125,7,7,16,1,50,0,2,2,55,68.0,5,1,1,67,0.14903129657228018,False,False,94.0,10,Good
677,59,142,18,50,14,2,1,80,10,6,5,16,0,50,0,1,1,82,48.0,3,3,1,78,0.628930817610063,True,True,88.0,12,Bad
462,67,213,1,56,53,1,0,98,42,7,5,59,11,18,2,2,2,22,89.0,7,5,1,52,0.14903129657228018,True,False,90.0,30,Bad
142,65,77,13,52,11,3,3,83,44,7,4,14,0,58,0,0,0,71,,2,1,2,60,0.14903129657228018,True,False,79.0,8,Bad
743,74,207,3,72,43,0,0,100,125,7,7,43,3,35,0,1,1,10,53.0,10,2,0,65,0.14903129657228018,False,False,100.0,27,Good
600,68,180,1,91,9,1,1,82,22,7,3,11,2,9,0,2,2,27,,4,2,1,67,0.14903129657228018,True,False,82.0,7,Bad
194,70,252,3,73,20,4,2,88,31,7,3,24,4,67,2,1,1,16,93.0,3,2,0,63,0.14903129657228018,True,False,83.0,15,Bad
650,61,114,18,63,16,1,1,72,8,2,6,19,0,56,0,0,0,13,,1,1,0,50,0.628930817610063,True,True,84.0,9,Bad
66,72,255,2,92,41,0,0,98,11,7,6,42,1,17,0,3,3,9,,9,2,1,53,0.14903129657228018,True,False,98.0,22,Good
300,78,164,10,82,15,0,0,100,125,7,7,16,1,38,0,0,0,56,69.0,3,2,0,83,0.14903129657228018,False,False,94.0,13,Good
355,79,222,6,94,24,0,0,100,125,7,7,24,2,42,9,0,0,82,48.0,2,4,1,88,0.14903129657228018,False,False,100.0,21,Bad
517,56,161,33,118,6,3,2,71,8,2,5,10,0,10,0,0,0,81,,3,2,2,75,0.628930817610063,True,True,60.0,7,Bad
480,73,122,2,53,11,0,0,100,125,7,7,12,3,58,4,2,2,90,96.0,4,2,1,86,0.14903129657228018,False,False,92.0,10,Bad
253,86,227,9,103,32,0,0,100,125,7,7,35,2,28,14,0,0,14,16.0,3,2,0,42,0.14903129657228018,False,False,91.0,14,Good
357,63,104,3,42,13,3,3,87,29,2,3,15,3,40,36,4,4,41,100.0,5,6,0,85,0.628930817610063,True,True,87.0,12,Good
272,72,206,3,75,49,0,0,100,125,7,7,49,6,35,6,0,0,56,67.0,7,3,2,83,0.14903129657228018,False,False,100.0,40,Good
55,56,70,6,31,28,0,0,96,43,7,6,29,7,25,36,2,2,71,,8,1,4,56,0.14903129657228018,True,False,97.0,16,Bad
204,79,409,16,127,16,1,1,94,53,7,4,17,0,29,0,0,0,49,,2,2,0,33,0.14903129657228018,True,False,94.0,5,Bad
57,81,243,1,89,41,0,0,100,125,7,7,44,9,27,0,7,6,1,39.0,7,4,0,50,0.14903129657228018,False,False,93.0,22,Good
134,87,393,2,110,20,0,0,100,125,7,7,31,1,42,10,0,0,4,,3,2,0,33,0.14903129657228018,False,False,65.0,10,Good
232,69,130,2,60,13,3,1,82,41,7,2,18,1,53,0,3,3,6,60.0,3,4,1,88,0.14903129657228018,True,False,72.0,15,Bad
722,63,243,1,80,13,1,0,75,4,6,5,16,3,50,0,2,2,14,,6,1,0,78,0.628930817610063,True,True,81.0,12,Bad
576,79,286,10,128,28,0,0,100,125,7,7,32,1,18,1,3,3,2,,5,1,1,38,0.14903129657228018,False,False,88.0,12,Good
200,56,217,14,101,29,1,1,60,8,6,4,31,0,23,0,2,2,93,26.0,9,5,5,100,0.628930817610063,True,True,94.0,31,Good
198,64,278,16,196,34,2,1,81,9,6,4,36,0,17,36,0,0,88,,16,1,3,95,0.628930817610063,True,True,94.0,34,Bad
59,80,145,2,80,25,0,0,92,50,7,6,26,3,50,3,1,1,2,85.0,2,3,0,56,0.14903129657228018,True,False,96.0,14,Good
705,62,489,6,147,17,0,0,67,10,6,6,21,1,19,0,3,3,46,,6,1,2,62,0.628930817610063,True,True,81.0,13,Bad
429,73,94,1,41,13,0,0,100,125,7,7,21,5,67,36,3,3,0,97.0,1,3,0,67,0.14903129657228018,False,False,62.0,14,Bad
519,88,219,2,80,28,0,0,100,125,7,7,32,5,34,22,0,0,5,69.0,6,4,0,67,0.14903129657228018,False,False,88.0,21,Good
7,84,133,1,77,28,0,0,100,125,7,7,32,3,38,36,2,2,32,76.0,1,2,0,60,0.14903129657228018,False,False,88.0,19,Good
692,59,192,10,37,17,0,0,88,19,7,6,18,1,59,0,2,2,49,84.0,4,3,0,78,0.14903129657228018,True,False,94.0,14,Bad
643,69,127,11,57,29,0,0,100,125,7,7,29,1,34,4,2,2,48,91.0,5,3,3,80,0.14903129657228018,False,False,100.0,23,Bad
212,60,429,29,155,13,1,0,94,2,5,2,16,0,25,0,0,0,4,,3,1,0,71,0.628930817610063,True,True,81.0,11,Good
10,79,108,4,58,26,0,0,100,125,7,7,26,1,12,0,7,7,5,,2,1,0,38,0.14903129657228018,False,False,100.0,9,Good
603,88,227,4,90,11,0,0,100,125,7,7,11,1,18,36,1,1,3,,3,1,1,50,0.14903129657228018,False,False,100.0,5,Bad
814,66,256,9,76,32,0,0,97,16,7,6,33,1,30,0,0,0,34,60.0,6,3,3,45,0.14903129657228018,True,False,97.0,14,Good
206,71,158,1,75,31,2,1,88,14,7,3,34,1,32,0,1,1,71,5.0,3,2,2,29,0.14903129657228018,True,False,91.0,9,Bad
679,54,141,8,54,15,2,0,71,2,5,5,17,2,41,36,0,0,49,86.0,3,3,2,75,0.628930817610063,True,True,88.0,12,Bad
176,59,224,17,122,13,3,2,58,8,4,2,33,0,32,36,0,0,55,47.0,4,4,0,62,0.628930817610063,True,True,39.0,20,Bad
592,82,247,21,99,28,0,0,100,125,7,7,32,0,32,15,0,0,20,30.0,5,3,1,67,0.14903129657228018,False,False,88.0,21,Good
259,68,215,3,60,28,0,0,96,62,7,6,28,5,14,36,4,4,59,64.0,4,3,3,35,0.14903129657228018,True,False,100.0,9,Bad
108,57,26,7,18,5,0,0,100,125,7,7,5,1,60,0,1,1,100,,2,1,2,100,0.14903129657228018,False,False,100.0,5,Bad
443,64,86,4,54,7,2,1,78,24,7,2,9,1,11,7,0,0,48,94.0,2,1,0,50,0.14903129657228018,True,False,78.0,4,Bad
32,83,401,18,109,14,0,0,100,125,7,7,14,0,29,0,0,0,16,78.0,4,2,1,67,0.14903129657228018,False,False,100.0,9,Good
181,79,288,4,79,44,0,0,100,125,7,7,47,4,28,11,0,0,27,93.0,7,2,1,53,0.14903129657228018,False,False,94.0,24,Good
642,61,232,6,77,9,1,0,64,15,7,5,11,4,36,4,1,1,76,,2,1,1,60,0.14903129657228018,True,False,82.0,6,Bad
554,82,176,18,107,40,0,0,100,125,7,7,40,0,35,0,0,0,0,75.0,2,2,1,21,0.14903129657228018,False,False,100.0,8,Good
593,80,185,2,64,41,0,0,100,125,7,7,46,5,37,0,4,4,3,93.0,4,4,0,56,0.14903129657228018,False,False,89.0,25,Good
706,72,389,1,71,8,1,0,82,8,6,5,11,2,64,0,2,2,2,65.0,1,5,0,75,0.628930817610063,True,True,73.0,8,Bad
819,66,208,3,83,24,0,0,92,4,6,6,25,3,32,5,0,0,44,,6,1,0,70,0.628930817610063,True,True,96.0,17,Bad
94,72,113,10,77,21,5,5,73,36,7,2,26,1,15,0,2,2,4,,2,1,0,60,0.14903129657228018,True,False,81.0,15,Bad
334,82,589,3,213,6,0,0,100,125,7,7,6,2,17,0,1,1,30,,3,2,1,60,0.14903129657228018,False,False,100.0,3,Good
436,63,206,2,66,19,0,0,82,6,6,6,22,4,45,0,2,2,56,39.0,6,2,1,75,0.628930817610063,True,True,86.0,16,Bad
422,75,340,2,111,19,1,0,96,78,7,5,23,2,13,0,1,1,41,,6,1,1,58,0.14903129657228018,True,False,83.0,13,Bad
732,75,176,5,81,22,0,0,100,125,7,7,25,2,60,0,1,1,63,23.0,2,3,0,83,0.14903129657228018,False,False,88.0,20,Bad
219,71,75,2,29,14,0,0,100,125,7,7,16,3,25,0,1,1,48,91.0,3,2,1,100,0.14903129657228018,False,False,88.0,16,Good
538,80,172,2,32,38,0,0,100,125,7,7,39,14,33,0,29,29,6,88.0,5,4,0,38,0.14903129657228018,False,False,97.0,14,Bad
168,89,302,28,137,22,0,0,100,125,7,7,22,0,0,36,0,0,3,,4,2,0,50,0.14903129657228018,False,False,100.0,11,Good
473,81,179,16,99,16,0,0,100,125,7,7,19,0,26,0,0,0,26,,2,1,1,60,0.14903129657228018,False,False,84.0,11,Bad
689,78,76,1,40,22,0,0,100,125,7,7,23,5,35,0,2,2,2,95.0,2,2,0,67,0.14903129657228018,False,False,96.0,15,Good
64,69,187,2,88,11,0,0,100,125,7,7,15,2,53,0,2,2,86,,4,1,3,100,0.14903129657228018,False,False,73.0,15,Bad
467,81,162,13,66,17,0,0,100,125,7,7,17,0,12,0,1,1,3,,2,1,0,43,0.14903129657228018,False,False,100.0,7,Good
537,86,179,7,61,18,0,0,100,125,7,7,20,1,20,36,0,0,13,,2,1,0,43,0.14903129657228018,False,False,90.0,8,Good
658,94,203,12,125,9,0,0,100,125,7,7,9,0,11,0,0,0,0,,0,1,0,25,0.14903129657228018,False,False,100.0,2,Bad
178,70,278,11,87,16,1,0,94,12,7,5,31,1,18,36,1,1,74,66.0,7,3,3,100,0.14903129657228018,True,False,52.0,31,Bad
315,77,221,0,64,31,0,0,94,14,7,6,36,4,51,36,1,0,9,88.0,3,6,0,45,0.14903129657228018,True,False,86.0,16,Bad
274,87,220,22,143,28,0,0,100,125,7,7,30,0,27,0,0,0,13,,4,1,0,71,0.14903129657228018,False,False,93.0,21,Good
577,61,296,9,122,11,1,1,82,24,2,6,46,1,64,3,1,1,29,61.0,2,4,1,75,0.628930817610063,True,True,24.0,34,Good
148,65,251,9,67,23,4,3,92,11,6,5,24,3,79,0,1,1,86,87.0,2,3,1,100,0.628930817610063,True,True,96.0,24,Bad
714,60,255,1,92,29,0,0,77,2,6,6,34,5,19,5,3,3,14,,5,1,1,60,0.628930817610063,True,True,85.0,20,Good
112,64,209,10,110,21,2,1,92,14,7,5,24,1,42,36,3,3,57,80.0,4,2,2,100,0.14903129657228018,True,False,88.0,24,Bad
374,66,107,7,49,10,0,0,90,50,7,6,10,2,50,0,0,0,97,44.0,3,3,3,100,0.14903129657228018,True,False,100.0,10,Bad
61,69,176,13,84,34,0,0,97,14,7,6,34,0,56,0,1,1,52,73.0,7,6,2,81,0.14903129657228018,True,False,100.0,27,Good
762,66,161,3,84,7,0,0,89,51,7,6,9,1,78,3,1,1,65,,2,2,0,100,0.14903129657228018,True,False,78.0,9,Good
86,59,134,17,83,8,2,0,42,1,6,5,12,0,67,0,3,3,77,,1,1,1,100,0.628930817610063,True,True,67.0,12,Bad
511,81,232,9,81,20,0,0,100,125,7,7,21,1,10,0,0,0,13,,6,1,1,50,0.14903129657228018,False,False,95.0,10,Good
297,74,304,10,78,18,0,0,89,15,7,6,23,1,53,3,2,2,7,54.0,3,3,0,67,0.14903129657228018,True,False,78.0,15,Good
123,87,195,70,207,20,0,0,100,125,7,7,21,0,29,36,0,0,11,,2,2,0,50,0.14903129657228018,False,False,95.0,10,Good
730,55,186,6,96,42,4,2,84,4,2,5,45,1,11,36,4,4,30,,7,2,0,44,0.628930817610063,True,True,93.0,19,Bad
655,80,96,4,49,25,0,0,100,125,7,7,25,3,32,0,1,1,3,77.0,6,3,0,64,0.14903129657228018,False,False,100.0,16,Bad
518,64,175,20,115,13,2,0,56,35,7,5,16,0,19,19,0,0,85,74.0,9,1,6,91,0.14903129657228018,True,False,81.0,14,Bad
741,85,226,2,84,14,0,0,100,125,7,7,27,1,13,2,1,1,6,,6,2,0,75,0.14903129657228018,False,False,52.0,20,Good
222,84,204,8,72,16,0,0,100,125,7,7,17,1,59,0,0,0,23,54.0,2,2,0,67,0.14903129657228018,False,False,94.0,11,Good
218,61,188,10,83,41,0,0,98,4,6,6,41,1,37,0,1,1,24,81.0,1,4,1,44,0.628930817610063,True,True,100.0,18,Bad
740,57,339,7,122,21,1,0,77,8,6,5,26,1,27,3,1,1,78,95.0,10,2,8,80,0.628930817610063,True,True,81.0,20,Good
288,62,137,5,81,9,4,4,62,34,7,4,13,1,38,0,1,1,46,,2,1,1,100,0.14903129657228018,True,False,69.0,13,Bad
351,83,348,2,100,61,0,0,98,24,7,6,67,4,35,1,1,1,6,62.0,7,4,0,52,0.14903129657228018,True,False,91.0,34,Good
221,65,142,3,69,15,0,0,93,5,6,6,15,1,27,0,0,0,25,,4,1,3,50,0.628930817610063,True,True,100.0,7,Bad
444,87,440,9,105,26,0,0,100,125,7,7,34,2,23,36,0,0,15,47.0,2,2,0,29,0.14903129657228018,False,False,76.0,9,Good
250,65,195,3,80,46,1,0,98,3,5,5,49,3,63,2,2,2,93,102.0,4,2,2,60,0.628930817610063,True,True,94.0,29,Good
457,89,171,3,90,14,0,0,100,125,7,7,15,1,27,3,1,1,3,29.0,1,2,0,60,0.14903129657228018,False,False,93.0,9,Good
423,79,114,9,49,28,0,0,100,125,7,7,28,2,36,0,1,1,2,42.0,3,3,0,43,0.14903129657228018,False,False,100.0,12,Good
609,65,123,2,53,29,4,1,83,11,6,2,36,2,33,36,0,0,15,,5,2,0,50,0.628930817610063,True,True,81.0,18,Bad
719,84,179,6,117,53,0,0,100,125,7,7,58,2,53,36,0,0,9,13.0,6,2,1,73,0.14903129657228018,False,False,91.0,42,Good
810,88,360,3,115,26,0,0,100,125,7,7,28,1,39,1,2,2,4,,4,1,0,45,0.14903129657228018,False,False,93.0,12,Good
304,80,319,9,111,18,0,0,100,125,7,7,22,1,50,0,0,0,73,,5,1,0,86,0.14903129657228018,False,False,82.0,18,Good
539,81,398,2,112,17,0,0,100,125,7,7,18,2,33,0,0,0,47,60.0,5,2,1,64,0.14903129657228018,False,False,94.0,11,Good
648,57,187,20,101,7,1,0,60,1,6,5,10,0,40,0,0,0,75,62.0,3,2,1,100,0.628930817610063,True,True,70.0,10,Bad
126,54,316,30,132,8,10,6,47,4,5,3,19,0,47,5,0,0,38,60.0,2,2,0,57,0.628930817610063,True,True,42.0,10,Bad
468,80,210,1,105,14,0,0,100,125,7,7,15,1,7,0,0,0,35,,4,1,1,50,0.14903129657228018,False,False,93.0,7,Bad
8,65,245,28,143,56,1,1,95,7,3,3,59,0,15,0,1,1,59,37.0,26,4,9,83,0.628930817610063,True,True,95.0,48,Bad
410,84,245,10,113,16,0,0,94,17,7,6,17,1,12,36,0,0,6,,2,2,0,40,0.14903129657228018,True,False,94.0,6,Good
281,65,221,1,90,28,2,2,94,20,7,6,33,6,48,0,4,4,9,67.0,3,2,0,56,0.14903129657228018,True,False,85.0,18,Bad
373,75,291,20,118,15,1,0,94,68,7,5,17,0,41,0,2,2,48,,3,1,0,83,0.14903129657228018,True,False,88.0,14,Bad
314,78,84,2,25,11,1,0,92,20,7,5,13,1,15,2,4,4,2,77.0,1,1,0,20,0.14903129657228018,True,False,85.0,2,Good
640,58,129,2,23,21,0,0,100,125,7,7,23,7,36,36,4,2,74,74.0,8,4,2,93,0.14903129657228018,False,False,91.0,21,Bad
509,83,375,18,143,13,0,0,92,35,7,6,13,0,15,0,0,0,6,,1,2,0,33,0.14903129657228018,True,False,100.0,4,Good
569,78,300,8,130,17,1,0,89,13,7,5,18,1,11,0,0,0,18,,5,1,0,55,0.14903129657228018,True,False,94.0,9,Good
801,68,156,6,46,10,1,0,91,125,7,5,11,2,27,36,2,1,74,89.0,4,2,3,75,0.14903129657228018,True,False,91.0,8,Bad
641,70,179,7,64,13,1,1,93,29,7,2,14,2,36,36,0,0,54,83.0,4,2,0,100,0.14903129657228018,True,False,93.0,14,Good
149,54,67,11,23,15,0,0,69,1,6,6,16,6,25,6,0,0,76,87.0,6,2,0,90,0.628930817610063,True,True,94.0,14,Bad
668,66,31,3,18,10,0,0,100,125,7,7,10,2,10,0,1,1,53,82.0,9,1,2,100,0.14903129657228018,False,False,100.0,10,Bad
230,66,425,3,63,12,1,0,79,18,7,5,14,3,36,0,0,0,23,92.0,6,2,1,100,0.14903129657228018,True,False,86.0,14,Bad
793,86,220,7,79,19,0,0,100,125,7,7,19,1,0,0,0,0,2,,3,2,0,21,0.14903129657228018,False,False,100.0,3,Good
394,83,97,7,57,17,0,0,100,125,7,7,17,1,24,36,0,0,19,85.0,3,3,0,60,0.14903129657228018,False,False,100.0,10,Good
354,87,207,1,65,14,0,0,100,125,7,7,15,2,33,24,1,1,5,10.0,3,2,0,50,0.14903129657228018,False,False,93.0,7,Good
504,75,247,1,80,28,0,0,87,17,7,6,46,2,23,36,2,2,8,97.0,4,2,1,40,0.14903129657228018,True,False,61.0,18,Bad
590,88,138,2,71,21,0,0,100,125,7,7,24,3,33,36,0,0,4,,2,1,0,75,0.14903129657228018,False,False,88.0,18,Bad
811,70,116,2,65,26,0,0,96,37,7,6,27,4,52,0,2,2,44,70.0,7,4,0,92,0.14903129657228018,True,False,96.0,24,Bad
767,66,122,0,51,31,0,0,100,125,7,7,37,6,62,0,17,14,40,68.0,5,4,2,82,0.14903129657228018,False,False,84.0,30,Bad
707,65,179,6,60,3,5,3,50,14,2,5,6,3,17,9,0,0,5,,3,2,0,60,0.628930817610063,True,True,50.0,3,Bad
138,79,158,3,54,23,0,0,100,125,7,7,25,2,38,3,2,2,14,130.0,1,2,0,50,0.14903129657228018,False,False,92.0,12,Good
754,87,169,8,61,19,0,0,100,125,7,7,19,1,26,0,0,0,1,,2,1,0,30,0.14903129657228018,False,False,100.0,5,Good
568,60,115,4,48,18,1,0,89,1,5,5,19,4,58,36,4,4,44,81.0,4,3,1,88,0.628930817610063,True,True,95.0,16,Bad
613,68,262,11,113,21,2,0,74,14,7,5,23,1,17,0,0,0,38,,3,2,3,25,0.14903129657228018,True,False,91.0,5,Good
733,66,221,2,57,33,0,0,100,125,7,7,37,7,44,1,4,4,33,86.0,10,3,0,70,0.14903129657228018,False,False,89.0,25,Good
22,60,172,5,59,9,1,1,62,2,6,4,13,1,69,4,1,1,13,64.0,2,3,0,83,0.628930817610063,True,True,69.0,10,Bad
421,90,240,20,123,19,0,0,100,125,7,7,21,0,19,0,0,0,3,,2,1,0,50,0.14903129657228018,False,False,90.0,10,Good
820,67,294,6,100,37,0,0,100,125,7,7,40,3,30,1,6,6,54,54.0,7,6,4,87,0.14903129657228018,False,False,92.0,34,Good
488,73,158,1,59,24,0,0,96,33,7,6,25,1,60,0,0,0,50,66.0,2,3,1,83,0.14903129657228018,True,False,96.0,20,Bad
290,79,364,35,111,22,0,0,100,125,7,7,31,0,27,0,0,0,93,51.0,1,2,1,75,0.14903129657228018,False,False,71.0,23,Good
273,64,175,7,72,23,0,0,100,125,7,7,24,1,13,0,2,2,77,75.0,10,1,6,71,0.14903129657228018,False,False,96.0,17,Bad
337,54,238,9,100,16,0,0,61,1,6,6,18,1,39,0,0,0,90,81.0,5,3,4,67,0.628930817610063,True,True,89.0,12,Bad
549,75,209,1,59,27,0,0,100,125,7,7,28,4,29,0,3,3,21,71.0,5,3,1,89,0.14903129657228018,False,False,96.0,24,Bad
674,71,269,4,93,26,0,0,96,9,6,6,31,3,23,3,1,1,46,,5,1,2,55,0.628930817610063,True,True,84.0,17,Good
326,57,142,8,61,44,0,0,84,6,6,6,44,1,16,0,8,8,45,,11,2,2,52,0.628930817610063,True,True,100.0,22,Bad
768,73,183,11,87,21,1,1,91,2,2,2,23,1,43,0,0,0,15,40.0,4,4,0,69,0.628930817610063,True,True,91.0,15,Good
416,65,153,4,81,17,0,0,89,29,7,6,19,3,53,1,1,1,60,,4,2,0,86,0.14903129657228018,True,False,89.0,16,Bad
508,86,323,5,71,33,0,0,100,125,7,7,34,2,41,36,1,1,6,87.0,2,3,0,31,0.14903129657228018,False,False,97.0,10,Good
771,69,82,7,46,33,0,0,100,125,7,7,34,3,32,0,0,0,46,81.0,7,4,2,73,0.14903129657228018,False,False,97.0,24,Good
520,78,191,51,120,8,1,0,50,10,6,5,12,0,25,36,1,1,0,,1,1,0,50,0.628930817610063,True,True,67.0,6,Bad
437,65,336,1,78,33,1,1,94,21,7,2,35,2,40,0,4,4,59,30.0,11,5,3,80,0.14903129657228018,True,False,94.0,28,Bad
56,66,188,3,80,17,0,0,88,4,6,6,17,3,82,1,3,3,6,95.0,1,7,0,89,0.628930817610063,True,True,100.0,15,Bad
159,84,188,12,78,30,0,0,100,125,7,7,30,0,21,2,1,1,0,,1,2,1,75,0.14903129657228018,False,False,100.0,22,Good
252,77,46,5,27,7,0,0,100,125,7,7,7,2,43,0,1,1,0,96.0,0,2,0,67,0.14903129657228018,False,False,100.0,4,Bad
721,66,398,13,129,14,1,0,81,2,6,5,16,0,13,0,0,0,32,,3,1,0,67,0.628930817610063,True,True,88.0,10,Bad
710,64,79,4,41,16,0,0,100,125,7,7,17,4,24,6,0,0,79,95.0,6,3,5,91,0.14903129657228018,False,False,94.0,15,Bad
121,86,129,13,74,17,0,0,100,125,7,7,17,0,35,0,0,0,10,,3,1,0,80,0.14903129657228018,False,False,100.0,13,Bad
781,63,53,10,24,19,0,0,100,125,7,7,19,2,79,0,0,0,104,86.0,2,8,2,91,0.14903129657228018,False,False,100.0,17,Bad
652,82,177,5,54,25,0,0,96,125,7,6,26,4,42,0,1,1,9,77.0,4,2,0,75,0.14903129657228018,True,False,96.0,19,Bad
239,86,174,5,68,12,0,0,92,50,7,6,12,2,17,0,1,1,1,73.0,2,1,0,38,0.14903129657228018,True,False,100.0,4,Good
287,66,183,17,62,28,0,0,100,125,7,7,29,0,28,12,0,0,86,54.0,8,2,8,91,0.14903129657228018,False,False,97.0,26,Bad
292,85,249,6,100,13,0,0,100,125,7,7,15,1,47,0,2,2,29,75.0,1,3,0,80,0.14903129657228018,False,False,87.0,12,Bad
93,63,203,41,111,11,1,1,69,13,7,3,13,0,38,0,0,0,93,,8,2,3,100,0.14903129657228018,True,False,85.0,13,Bad
318,90,179,13,86,12,0,0,100,125,7,7,12,0,25,0,4,4,0,,2,1,0,50,0.14903129657228018,False,False,100.0,6,Good
174,76,24,8,12,12,0,0,100,125,7,7,12,7,25,0,0,0,9,,2,2,0,50,0.14903129657228018,False,False,100.0,6,Good
383,66,24,1,12,11,0,0,100,125,7,7,12,5,17,0,0,0,42,100.0,3,1,3,67,0.14903129657228018,False,False,92.0,8,Bad
400,86,257,14,126,25,0,0,100,125,7,7,25,0,8,0,0,0,18,,5,1,0,40,0.14903129657228018,False,False,100.0,10,Good
529,87,276,9,92,25,0,0,100,125,7,7,38,2,32,1,2,2,7,,3,3,0,67,0.14903129657228018,False,False,66.0,25,Good
431,59,154,3,65,27,0,0,100,125,7,7,27,6,37,0,2,2,85,74.0,8,3,5,79,0.14903129657228018,False,False,100.0,21,Bad
500,78,173,4,90,23,0,0,100,125,7,7,24,1,52,36,0,0,43,,5,1,1,60,0.14903129657228018,False,False,96.0,14,Good
133,88,190,6,65,20,0,0,100,125,7,7,21,1,14,5,1,1,0,50.0,4,2,0,46,0.14903129657228018,False,False,95.0,9,Good
240,73,167,2,87,9,0,0,90,74,7,6,10,1,80,0,3,3,27,99.0,3,2,0,100,0.14903129657228018,True,False,90.0,10,Bad
193,79,41,1,15,6,0,0,100,125,7,7,8,2,25,0,2,2,1,64.0,1,2,0,38,0.14903129657228018,False,False,75.0,3,Bad
390,89,290,12,71,9,0,0,100,125,7,7,29,0,0,9,0,0,15,,1,2,0,33,0.14903129657228018,False,False,31.0,9,Good
152,80,233,143,211,4,0,0,100,125,7,7,4,0,0,23,0,0,92,,1,2,1,50,0.14903129657228018,False,False,100.0,2,Bad
818,60,131,6,50,31,0,0,100,125,7,7,31,2,35,10,0,0,75,54.0,14,5,8,95,0.14903129657228018,False,False,100.0,29,Good
2,81,131,16,59,19,1,0,90,15,7,5,20,0,30,0,0,0,3,,1,1,0,25,0.14903129657228018,True,False,95.0,5,Bad
535,89,233,3,118,35,0,0,100,125,7,7,36,4,33,15,0,0,0,,4,2,0,33,0.14903129657228018,False,False,97.0,11,Good
179,65,268,2,77,40,1,1,98,49,7,2,42,6,24,3,1,1,62,60.0,7,3,3,83,0.14903129657228018,True,False,95.0,34,Good
107,61,247,4,95,36,0,0,92,1,6,6,39,1,59,0,1,1,87,99.0,8,4,3,93,0.628930817610063,True,True,92.0,36,Bad
97,84,110,30,67,12,0,0,100,125,7,7,13,0,23,0,1,1,4,74.0,2,2,0,80,0.14903129657228018,False,False,92.0,10,Good
595,66,340,11,117,36,0,0,100,125,7,7,36,1,11,0,0,0,81,,20,1,11,75,0.14903129657228018,False,False,100.0,27,Bad
805,57,209,2,92,34,1,1,92,3,6,6,37,2,19,1,1,1,22,,7,1,2,67,0.628930817610063,True,True,92.0,24,Bad
312,90,233,14,100,20,0,0,100,125,7,7,20,0,35,0,0,0,10,,4,3,0,54,0.14903129657228018,False,False,100.0,10,Good
65,85,149,8,63,15,0,0,100,125,7,7,15,1,40,0,2,2,5,32.0,1,3,0,44,0.14903129657228018,False,False,100.0,6,Good
463,66,174,6,72,29,3,2,87,16,7,4,32,2,19,0,1,0,37,87.0,9,2,4,65,0.14903129657228018,True,False,91.0,20,Bad
115,72,126,12,64,15,0,0,100,125,7,7,15,0,47,0,2,2,77,69.0,4,2,2,75,0.14903129657228018,False,False,100.0,11,Bad
169,66,162,9,51,21,1,1,86,26,7,2,22,1,45,1,6,6,32,76.0,5,2,0,64,0.14903129657228018,True,False,95.0,14,Bad
758,61,246,20,95,18,2,2,86,11,6,4,21,0,38,0,1,1,62,,5,1,2,88,0.628930817610063,True,True,86.0,18,Bad
395,85,181,6,77,7,0,0,100,125,7,7,10,1,50,5,0,0,0,95.0,0,2,0,50,0.14903129657228018,False,False,70.0,5,Good
790,61,173,2,96,16,2,0,79,3,6,5,19,2,21,0,0,0,31,47.0,6,2,1,80,0.628930817610063,True,True,84.0,15,Good
4,68,220,9,69,27,0,0,100,125,7,7,27,3,44,0,2,2,95,59.0,4,4,2,100,0.14903129657228018,False,False,100.0,27,Bad
44,63,259,15,94,16,0,0,81,1,6,6,32,0,44,1,2,2,62,50.0,4,2,2,86,0.628930817610063,True,True,50.0,27,Bad
82,72,149,14,52,22,1,1,95,19,7,6,23,0,68,0,0,0,28,91.0,5,4,0,100,0.14903129657228018,True,False,96.0,23,Bad
570,70,259,3,47,21,0,0,100,125,7,7,21,5,19,2,2,2,55,,1,3,1,80,0.14903129657228018,False,False,100.0,16,Good
404,69,194,4,63,41,0,0,95,15,7,6,41,5,29,0,2,2,0,99.0,3,4,0,35,0.14903129657228018,True,False,100.0,14,Good
237,71,155,1,71,24,0,0,100,125,7,7,25,3,32,3,3,3,54,,3,1,1,100,0.14903129657228018,False,False,96.0,25,Good
84,70,83,3,40,26,4,2,80,10,6,4,30,3,33,36,0,0,3,89.0,2,4,0,58,0.628930817610063,True,True,87.0,17,Bad
448,80,263,21,116,25,0,0,100,125,7,7,25,0,64,21,0,0,48,,3,2,0,71,0.14903129657228018,False,False,100.0,17,Bad
505,85,175,42,109,21,0,0,100,125,7,7,23,0,35,0,0,0,19,,2,1,0,75,0.14903129657228018,False,False,91.0,17,Good
450,77,218,8,72,25,0,0,96,74,7,6,25,3,52,2,1,1,32,69.0,3,4,0,64,0.14903129657228018,True,False,100.0,16,Good
171,62,250,14,139,38,1,0,90,2,6,5,41,0,24,36,0,0,62,,9,1,3,83,0.628930817610063,True,True,93.0,34,Bad
380,87,147,1,69,8,0,0,100,125,7,7,11,2,45,1,3,3,2,100.0,1,1,0,50,0.14903129657228018,False,False,73.0,5,Good
333,61,174,1,61,25,0,0,88,10,6,6,26,3,12,36,0,0,41,21.0,6,2,1,57,0.628930817610063,True,True,96.0,14,Bad
461,84,153,0,62,11,0,0,100,125,7,7,19,2,33,0,1,1,11,,2,2,1,40,0.14903129657228018,False,False,58.0,7,Good
597,81,391,11,102,22,0,0,100,125,7,7,34,1,9,11,0,0,20,,5,1,1,60,0.14903129657228018,False,False,65.0,20,Good
103,80,118,13,74,11,0,0,100,125,7,7,11,0,73,0,0,0,25,84.0,1,2,0,75,0.14903129657228018,False,False,100.0,8,Bad
17,70,108,2,51,45,0,0,98,10,6,6,49,7,65,7,0,0,23,82.0,2,3,0,50,0.628930817610063,True,True,92.0,24,Bad
215,79,172,6,47,20,0,0,100,125,7,7,20,1,55,7,0,0,9,49.0,3,5,0,67,0.14903129657228018,False,False,100.0,13,Good
408,91,303,4,101,11,0,0,100,125,7,7,12,1,36,0,0,0,1,97.0,2,2,0,57,0.14903129657228018,False,False,92.0,6,Good
275,65,228,7,89,12,2,2,93,80,7,3,15,2,57,0,1,1,92,,1,1,1,100,0.14903129657228018,True,False,80.0,15,Good
731,91,340,3,102,14,0,0,100,125,7,7,22,1,21,36,0,0,2,,2,2,0,33,0.14903129657228018,False,False,64.0,7,Good
41,69,80,9,39,9,0,0,100,125,7,7,9,1,11,0,1,1,42,,5,1,2,75,0.14903129657228018,False,False,100.0,6,Bad
295,78,119,7,50,16,0,0,94,27,7,6,16,1,38,0,1,1,9,82.0,2,4,0,75,0.14903129657228018,True,False,100.0,12,Good
210,72,377,5,185,32,0,0,91,15,7,6,32,1,28,4,1,1,24,,8,1,2,53,0.14903129657228018,True,False,100.0,16,Bad
398,88,145,5,86,23,0,0,100,125,7,7,24,1,54,0,1,1,6,96.0,2,2,0,50,0.14903129657228018,False,False,96.0,12,Good
756,56,153,18,80,17,0,0,95,1,6,6,20,0,45,17,0,0,82,,2,1,2,75,0.628930817610063,True,True,85.0,15,Bad
470,77,256,3,93,37,0,0,92,19,7,6,39,4,23,3,1,1,13,,3,1,0,31,0.14903129657228018,True,False,95.0,12,Good
406,66,157,18,42,16,0,0,100,125,7,7,16,0,25,0,3,3,93,53.0,11,3,5,100,0.14903129657228018,False,False,100.0,16,Bad
744,90,235,16,141,13,0,0,100,125,7,7,14,0,21,36,0,0,10,,2,1,0,43,0.14903129657228018,False,False,93.0,6,Good
510,88,178,14,97,8,0,0,100,125,7,7,8,0,38,15,0,0,0,77.0,2,1,0,75,0.14903129657228018,False,False,100.0,6,Good
311,63,176,3,69,10,9,9,77,12,7,2,20,1,46,0,2,1,89,,3,1,1,100,0.14903129657228018,True,False,50.0,20,Bad
742,72,236,9,90,55,0,0,100,125,7,7,78,1,55,0,0,0,41,83.0,7,8,3,79,0.14903129657228018,False,False,71.0,61,Good
550,87,230,3,84,23,0,0,100,125,7,7,23,2,61,0,1,1,1,64.0,3,4,1,78,0.14903129657228018,False,False,100.0,17,Bad
46,91,364,1,118,12,0,0,100,125,7,7,13,1,8,0,1,1,0,,1,2,0,20,0.14903129657228018,False,False,92.0,2,Good
379,56,311,10,99,31,10,10,86,4,6,6,36,2,46,0,2,2,44,75.0,4,2,1,64,0.628930817610063,True,True,86.0,23,Bad
3,73,280,8,104,49,0,0,96,60,7,6,52,1,23,2,2,2,51,91.0,4,2,1,43,0.14903129657228018,True,False,94.0,22,Good
335,90,240,1,96,20,0,0,100,125,7,7,22,1,32,0,0,0,0,77.0,2,3,0,36,0.14903129657228018,False,False,91.0,7,Good
118,82,333,3,107,44,0,0,100,125,7,7,44,4,34,0,1,1,6,87.0,6,6,0,60,0.14903129657228018,False,False,100.0,26,Good
352,65,100,9,40,15,0,0,93,9,6,6,15,3,47,0,0,0,50,65.0,3,2,0,71,0.628930817610063,True,True,100.0,10,Good
806,88,438,9,122,20,0,0,100,125,7,7,20,1,50,0,1,1,1,,1,5,0,55,0.14903129657228018,False,False,100.0,11,Bad
258,82,254,12,84,29,0,0,97,32,7,6,29,0,34,0,0,0,7,55.0,3,3,0,58,0.14903129657228018,True,False,100.0,16,Good
466,60,67,15,53,5,1,1,50,14,7,2,6,0,50,0,2,2,27,,1,1,0,100,0.14903129657228018,True,False,83.0,6,Bad
172,86,377,22,143,11,0,0,100,125,7,7,11,0,0,0,0,0,21,,3,2,0,100,0.14903129657228018,False,False,100.0,11,Good
564,65,69,53,63,2,2,2,67,28,7,2,3,0,67,0,6,6,4,,1,2,0,100,0.14903129657228018,True,False,67.0,3,Bad
608,80,318,2,84,38,0,0,100,125,7,7,59,2,41,0,2,2,3,41.0,4,4,0,53,0.14903129657228018,False,False,64.0,31,Good
821,57,14,5,8,3,0,0,100,125,7,7,3,2,33,0,6,5,96,,2,1,1,100,0.14903129657228018,False,False,100.0,3,Bad
36,91,166,35,121,10,0,0,100,125,7,7,10,0,40,0,0,0,10,38.0,1,3,0,67,0.14903129657228018,False,False,100.0,6,Good
308,89,165,12,71,19,0,0,100,125,7,7,21,0,43,0,0,0,13,,1,1,0,50,0.14903129657228018,False,False,90.0,10,Good
606,84,163,4,56,36,0,0,100,125,7,7,36,2,17,12,0,0,14,88.0,3,2,1,46,0.14903129657228018,False,False,100.0,16,Good
635,56,105,5,43,16,0,0,94,5,6,6,16,1,69,2,2,2,101,84.0,2,4,1,86,0.628930817610063,True,True,100.0,13,Bad
391,66,245,44,131,12,1,0,79,1,6,5,14,0,36,0,1,1,46,,3,1,0,100,0.628930817610063,True,True,86.0,14,Good
816,82,157,6,80,24,0,0,96,26,7,6,26,2,77,4,1,1,10,56.0,1,2,0,50,0.14903129657228018,True,False,92.0,13,Good
207,76,14,2,10,2,0,0,100,125,7,7,3,1,67,0,0,0,31,88.0,1,2,0,100,0.14903129657228018,False,False,67.0,3,Bad
424,63,325,3,92,29,0,0,93,12,7,6,30,2,52,36,2,2,63,65.0,8,4,3,75,0.14903129657228018,True,False,97.0,22,Good
753,60,94,15,60,2,6,4,11,6,6,2,9,0,22,0,0,0,19,62.0,1,1,0,67,0.628930817610063,True,True,22.0,6,Bad
671,80,175,6,59,19,0,0,100,125,7,7,19,1,16,0,3,3,12,,6,1,0,58,0.14903129657228018,False,False,100.0,11,Bad
293,64,212,6,76,7,5,4,64,10,6,3,11,2,55,8,0,0,56,86.0,1,2,0,75,0.628930817610063,True,True,64.0,8,Bad
499,51,91,5,27,7,2,2,75,3,2,2,9,3,63,0,4,4,76,89.0,3,2,1,100,0.628930817610063,True,True,78.0,9,Bad
397,65,502,1,71,78,1,1,99,15,7,6,100,19,15,0,6,6,10,90.0,10,3,1,38,0.14903129657228018,True,False,78.0,38,Bad
496,83,267,19,90,16,0,0,94,37,7,6,16,0,19,16,0,0,4,60.0,1,1,0,40,0.14903129657228018,True,False,100.0,6,Good
784,66,287,13,100,16,1,0,65,21,7,5,20,0,45,2,1,1,93,62.0,2,3,1,100,0.14903129657228018,True,False,80.0,20,Good
77,74,119,11,39,4,0,0,100,125,7,7,4,1,75,0,0,0,64,75.0,1,2,0,100,0.14903129657228018,False,False,100.0,4,Bad
276,61,187,8,95,18,1,1,82,2,6,3,22,2,18,0,1,1,21,,5,1,0,86,0.628930817610063,True,True,82.0,18,Bad
27,70,153,22,112,5,2,2,67,56,7,4,6,0,67,0,0,0,0,,0,1,0,50,0.14903129657228018,True,False,83.0,3,Bad
124,81,213,8,119,30,3,3,94,35,7,3,34,1,41,0,1,0,4,21.0,2,2,0,36,0.14903129657228018,True,False,88.0,12,Good
460,64,144,2,63,18,2,2,85,72,7,3,21,3,50,0,6,6,60,80.0,2,5,1,78,0.14903129657228018,True,False,86.0,16,Bad
296,70,83,7,48,7,1,0,88,40,7,5,8,1,13,2,1,1,38,,3,1,0,67,0.14903129657228018,True,False,88.0,5,Bad
323,66,168,1,93,21,1,0,79,6,5,5,24,1,8,36,2,2,26,,5,1,0,38,0.628930817610063,True,True,88.0,9,Bad
617,77,123,2,46,16,0,0,100,125,7,7,17,5,47,36,2,2,18,87.0,3,4,0,64,0.14903129657228018,False,False,94.0,10,Bad
184,72,349,8,142,32,0,0,82,28,7,6,34,2,26,0,1,1,1,57.0,1,4,0,30,0.14903129657228018,True,False,94.0,10,Good
28,74,42,10,27,8,0,0,100,125,7,7,8,2,25,23,1,0,41,76.0,2,2,1,57,0.14903129657228018,False,False,100.0,4,Bad
795,69,175,5,58,20,0,0,85,19,7,6,20,3,25,5,1,1,10,73.0,4,3,0,64,0.14903129657228018,True,False,100.0,12,Bad
556,89,218,16,95,25,0,0,100,125,7,7,26,0,38,0,0,0,3,,3,1,0,57,0.14903129657228018,False,False,96.0,14,Good
629,68,259,20,111,13,2,2,71,9,6,3,15,0,29,0,0,0,4,,1,2,0,33,0.628930817610063,True,True,87.0,4,Good
826,73,44,5,18,20,0,0,100,125,7,7,20,10,35,36,0,0,23,95.0,5,3,0,67,0.14903129657228018,False,False,100.0,13,Good
717,79,177,5,64,21,0,0,96,10,6,6,23,1,78,0,0,0,0,,0,1,0,50,0.628930817610063,True,True,91.0,11,Good
612,68,74,3,32,14,1,1,93,30,7,3,15,4,40,0,0,0,58,32.0,2,5,1,64,0.14903129657228018,True,False,93.0,9,Bad
143,82,299,1,112,12,0,0,100,125,7,7,13,3,8,0,1,1,34,,4,1,1,45,0.14903129657228018,False,False,92.0,5,Bad
561,66,174,1,75,38,0,0,100,125,7,7,40,5,40,36,6,6,77,60.0,4,8,3,75,0.14903129657228018,False,False,95.0,30,Good
442,87,196,30,117,19,0,0,100,125,7,7,20,0,30,0,0,0,7,,5,2,0,71,0.14903129657228018,False,False,95.0,14,Good
578,59,218,10,90,28,3,2,87,13,7,2,67,2,45,36,2,2,91,,1,1,1,67,0.14903129657228018,True,False,42.0,44,Bad
132,52,296,7,95,43,2,0,89,3,6,5,47,1,68,0,1,1,69,44.0,6,10,3,85,0.628930817610063,True,True,91.0,39,Bad
164,63,291,9,88,25,0,0,84,3,6,6,25,2,32,0,0,0,30,73.0,7,2,1,82,0.628930817610063,True,True,100.0,20,Bad
23,65,143,7,85,13,0,0,93,11,6,6,14,2,43,0,0,0,73,76.0,3,3,2,100,0.628930817610063,True,True,93.0,14,Bad
454,67,152,3,37,23,1,1,96,64,7,2,24,3,25,36,1,1,40,49.0,11,3,1,78,0.14903129657228018,True,False,96.0,18,Good
712,81,223,6,83,63,0,0,100,125,7,7,63,3,16,0,1,0,15,89.0,2,3,1,40,0.14903129657228018,False,False,100.0,25,Good
236,67,212,4,79,18,0,0,100,125,7,7,18,5,22,0,3,3,81,30.0,7,1,5,82,0.14903129657228018,False,False,100.0,14,Bad
330,75,152,4,58,14,0,0,93,13,7,6,14,2,29,7,0,0,37,60.0,2,3,1,71,0.14903129657228018,True,False,100.0,9,Bad
310,74,76,4,47,19,0,0,100,125,7,7,21,2,33,0,0,0,0,79.0,1,7,0,57,0.14903129657228018,False,False,90.0,11,Good
271,74,183,10,44,12,0,0,100,125,7,7,12,1,33,6,1,0,39,,2,1,1,75,0.14903129657228018,False,False,100.0,9,Good
494,85,83,18,50,20,0,0,100,125,7,7,20,0,50,36,1,1,5,58.0,1,4,0,50,0.14903129657228018,False,False,100.0,10,Good
407,72,171,3,40,11,0,0,100,125,7,7,11,4,27,0,2,2,62,97.0,5,2,2,88,0.14903129657228018,False,False,100.0,9,Bad
737,72,206,4,78,33,0,0,97,4,6,6,34,8,29,0,7,6,22,68.0,10,3,1,81,0.628930817610063,True,True,97.0,27,Bad
52,68,299,6,135,24,0,0,96,25,7,6,25,1,29,5,0,0,55,77.0,8,2,2,71,0.14903129657228018,True,False,96.0,17,Bad
513,57,234,31,106,40,0,0,98,6,6,6,41,0,24,36,3,3,69,30.0,16,2,7,95,0.628930817610063,True,True,98.0,38,Bad
399,68,42,1,20,13,0,0,100,125,7,7,16,6,31,0,8,8,39,89.0,2,4,0,54,0.14903129657228018,False,False,81.0,8,Bad
681,70,145,1,11,8,0,0,100,125,7,7,8,4,30,1,4,4,28,,2,1,0,43,0.14903129657228018,False,False,100.0,3,Bad
787,74,123,1,52,23,0,0,100,125,7,7,24,3,33,5,0,0,38,43.0,4,5,1,75,0.14903129657228018,False,False,96.0,18,Good
755,68,219,18,127,20,1,0,91,4,5,5,23,0,14,4,1,1,21,91.0,4,3,1,88,0.628930817610063,True,True,87.0,20,Good
434,73,102,2,41,22,0,0,100,125,7,7,23,2,35,0,0,0,21,46.0,4,4,1,62,0.14903129657228018,False,False,96.0,14,Bad
726,91,178,100,132,5,0,0,100,125,7,7,7,0,71,3,1,1,0,,0,2,0,0,0.14903129657228018,False,False,71.0,0,Good
385,72,296,56,128,18,1,1,95,9,2,2,19,0,37,1,2,2,18,,3,3,0,75,0.628930817610063,True,True,95.0,14,Good
224,75,139,3,54,14,0,0,94,46,7,6,16,2,19,0,1,1,43,33.0,1,2,1,43,0.14903129657228018,True,False,88.0,6,Good
483,70,182,29,94,25,0,0,96,20,7,6,25,0,24,0,1,1,33,6.0,3,2,1,36,0.14903129657228018,True,False,100.0,9,Bad
493,73,102,1,49,21,0,0,95,125,7,6,22,3,27,36,0,0,15,46.0,2,3,0,60,0.14903129657228018,True,False,95.0,13,Bad
543,64,31,3,16,9,0,0,100,125,7,7,9,3,33,36,1,1,69,65.0,5,2,1,88,0.14903129657228018,False,False,100.0,7,Good
153,84,204,3,91,22,0,0,100,125,7,7,22,1,32,0,2,2,70,85.0,3,3,2,55,0.14903129657228018,False,False,100.0,12,Bad
734,74,385,2,72,35,1,1,95,69,7,4,37,6,49,3,1,1,34,95.0,3,5,0,75,0.14903129657228018,True,False,95.0,27,Bad
199,77,100,5,38,15,0,0,93,34,7,6,15,1,27,0,6,6,10,,3,1,0,57,0.14903129657228018,True,False,100.0,8,Good
739,76,229,6,99,22,0,0,100,125,7,7,22,2,59,36,1,0,76,79.0,2,3,1,67,0.14903129657228018,False,False,100.0,14,Good
286,74,111,2,37,8,0,0,100,125,7,7,9,2,22,0,4,4,49,73.0,5,2,1,88,0.14903129657228018,False,False,89.0,7,Bad
403,65,521,10,159,36,0,0,90,3,6,6,39,1,41,0,0,0,19,85.0,7,2,0,64,0.628930817610063,True,True,92.0,24,Good
54,74,151,10,58,24,0,0,96,80,7,6,24,2,33,0,0,0,55,62.0,4,2,2,58,0.14903129657228018,True,False,100.0,13,Bad
12,55,222,2,67,14,0,0,94,2,6,6,17,2,59,0,4,4,25,79.0,2,2,1,67,0.628930817610063,True,True,82.0,11,Bad
430,88,448,6,156,23,0,0,100,125,7,7,29,1,22,0,0,0,6,4.0,5,2,0,50,0.14903129657228018,False,False,79.0,14,Good
686,86,191,7,82,27,0,0,100,125,7,7,28,1,22,7,0,0,0,,0,1,0,8,0.14903129657228018,False,False,96.0,2,Good
476,67,203,45,144,12,1,1,86,2,2,2,23,0,36,36,0,0,76,90.0,3,2,0,83,0.628930817610063,True,True,52.0,19,Good
506,77,154,5,128,17,0,0,100,125,7,7,17,1,33,0,1,1,48,,5,1,1,75,0.14903129657228018,False,False,100.0,12,Good
361,75,244,3,91,24,0,0,100,125,7,7,24,2,38,0,2,2,57,,6,1,2,78,0.14903129657228018,False,False,100.0,18,Bad
667,79,274,11,84,40,0,0,100,125,7,7,40,1,20,0,0,0,19,77.0,7,1,1,40,0.14903129657228018,False,False,100.0,16,Good
697,82,566,8,85,49,0,0,100,125,7,7,49,2,20,0,0,0,17,,3,2,0,50,0.14903129657228018,False,False,100.0,24,Good
163,85,197,4,81,26,0,0,100,125,7,7,26,3,19,36,3,3,4,6.0,2,2,0,29,0.14903129657228018,False,False,100.0,7,Good
188,70,433,17,139,35,0,0,97,79,7,6,35,0,26,0,0,0,53,66.0,10,2,4,60,0.14903129657228018,True,False,100.0,21,Good
528,88,192,2,90,17,0,0,100,125,7,7,18,1,33,1,2,2,9,66.0,2,2,0,44,0.14903129657228018,False,False,94.0,7,Good
127,84,179,6,77,18,0,0,100,125,7,7,18,3,17,9,0,0,3,,1,2,0,43,0.14903129657228018,False,False,100.0,7,Good
261,89,351,5,79,12,0,0,100,125,7,7,12,2,58,0,0,0,4,85.0,2,3,0,83,0.14903129657228018,False,False,100.0,9,Good
626,79,120,2,46,22,0,0,100,125,7,7,23,5,22,2,3,3,6,90.0,1,2,0,50,0.14903129657228018,False,False,96.0,11,Good
566,65,122,6,53,28,0,0,100,125,7,7,35,6,24,0,6,6,72,73.0,5,1,5,67,0.14903129657228018,False,False,80.0,23,Bad
370,84,394,3,204,22,0,0,100,125,7,7,24,3,4,3,2,2,0,,2,2,0,33,0.14903129657228018,False,False,92.0,7,Good
369,77,264,4,78,35,0,0,100,125,7,7,35,7,6,0,2,1,11,,6,2,2,47,0.14903129657228018,False,False,100.0,16,Bad
114,78,195,1,38,29,0,0,100,125,7,7,38,5,51,0,6,6,10,95.0,4,13,0,68,0.14903129657228018,False,False,76.0,25,Good
584,84,165,36,88,12,0,0,100,125,7,7,12,0,50,0,0,0,18,,1,1,0,67,0.14903129657228018,False,False,100.0,8,Good
772,75,364,12,123,43,0,0,98,24,7,6,43,0,26,2,1,1,1,31.0,7,2,1,45,0.14903129657228018,True,False,100.0,19,Good
687,56,79,35,56,6,3,0,67,3,6,5,9,0,33,0,0,0,54,,1,1,0,100,0.628930817610063,True,True,67.0,9,Bad
14,67,69,3,43,6,3,1,50,10,6,4,10,1,60,0,5,3,27,101.0,1,2,0,60,0.628930817610063,True,True,60.0,6,Bad
614,81,137,1,56,22,1,0,92,36,7,5,24,3,21,7,0,0,3,,3,1,0,50,0.14903129657228018,True,False,92.0,12,Good
302,72,258,1,69,25,0,0,97,125,7,6,31,5,23,36,2,2,57,,4,1,1,45,0.14903129657228018,True,False,81.0,13,Good
349,75,111,9,60,15,0,0,93,66,7,6,15,1,53,0,0,0,61,43.0,5,3,0,100,0.14903129657228018,True,False,100.0,15,Bad
432,54,186,2,53,22,1,0,64,5,6,5,25,3,40,0,2,2,33,87.0,6,1,1,58,0.628930817610063,True,True,88.0,14,Bad
536,77,263,1,92,28,0,0,97,125,7,6,30,3,20,1,2,2,21,,5,1,1,60,0.14903129657228018,True,False,93.0,18,Bad
245,72,136,13,74,3,1,1,75,25,7,6,4,0,25,0,3,3,0,,0,2,0,0,0.14903129657228018,True,False,75.0,0,Bad
618,60,43,1,16,9,0,0,100,125,7,7,10,6,40,36,2,2,96,42.0,3,2,1,83,0.14903129657228018,False,False,90.0,8,Bad
220,55,179,1,75,22,1,0,83,2,6,5,24,1,29,0,1,1,57,,8,2,3,64,0.628930817610063,True,True,92.0,15,Bad
328,85,179,17,86,21,0,0,100,125,7,7,22,0,59,36,0,0,0,,1,1,1,80,0.14903129657228018,False,False,95.0,17,Good
70,68,259,9,88,21,4,1,77,15,7,3,26,1,38,0,18,18,27,80.0,2,3,1,56,0.14903129657228018,True,False,81.0,14,Bad
449,65,115,11,43,19,0,0,90,1,6,6,20,1,50,36,0,0,52,77.0,5,6,0,85,0.628930817610063,True,True,95.0,17,Bad
73,69,192,1,67,34,0,0,100,125,7,7,36,5,42,0,3,3,42,76.0,4,5,1,79,0.14903129657228018,False,False,94.0,28,Good
452,71,247,3,72,49,0,0,100,125,7,7,74,3,66,36,2,2,83,61.0,10,5,1,94,0.14903129657228018,False,False,66.0,69,Bad
544,55,193,9,64,24,0,0,92,4,6,6,24,2,17,0,1,1,78,10.0,11,3,6,88,0.628930817610063,True,True,100.0,21,Good
477,64,162,5,73,4,3,3,67,54,7,2,7,1,33,0,1,1,57,,2,1,0,100,0.14903129657228018,True,False,57.0,7,Good
709,56,107,18,60,14,0,0,71,3,6,6,17,0,24,0,0,0,49,91.0,4,2,4,67,0.628930817610063,True,True,82.0,11,Bad
413,63,246,5,113,10,0,0,90,5,6,6,10,1,20,6,0,0,97,,5,1,4,86,0.628930817610063,True,True,100.0,8,Bad
678,80,234,0,62,27,0,0,100,125,7,7,35,4,26,0,3,3,22,,4,1,2,38,0.14903129657228018,False,False,77.0,13,Good
113,80,173,2,67,35,0,0,100,125,7,7,36,1,22,10,0,0,4,100.0,3,2,0,26,0.14903129657228018,False,False,97.0,9,Good
761,84,157,3,74,35,0,0,100,125,7,7,35,3,11,36,3,3,2,5.0,1,3,0,44,0.14903129657228018,False,False,100.0,15,Good
479,66,131,13,83,4,4,4,67,67,7,2,41,0,33,36,0,0,67,,2,1,0,100,0.14903129657228018,True,False,10.0,41,Good
760,77,265,4,105,50,1,1,98,61,7,3,58,1,38,12,0,0,15,64.0,8,4,2,59,0.14903129657228018,True,False,86.0,34,Good
189,57,360,6,124,40,3,0,93,2,5,5,44,2,25,7,0,0,60,39.0,9,3,1,86,0.628930817610063,True,True,91.0,37,Bad
725,54,142,2,61,23,4,3,76,4,6,3,30,4,52,4,1,1,51,73.0,5,6,1,80,0.628930817610063,True,True,77.0,24,Bad
235,65,109,6,45,7,1,1,86,39,7,6,8,2,57,0,0,0,79,93.0,2,1,1,100,0.14903129657228018,True,False,88.0,8,Bad
633,63,98,5,37,14,1,0,93,77,7,5,15,4,33,0,0,0,74,,4,1,2,83,0.14903129657228018,True,False,93.0,12,Bad
611,62,398,3,133,33,0,0,88,37,7,6,34,2,44,0,3,3,56,89.0,8,3,4,65,0.14903129657228018,True,False,97.0,22,Bad
812,74,100,2,32,25,0,0,100,125,7,7,27,6,30,3,2,2,15,93.0,4,2,1,43,0.14903129657228018,False,False,93.0,11,Good
803,88,179,4,129,10,0,0,100,125,7,7,10,1,40,36,3,3,4,,1,1,0,40,0.14903129657228018,False,False,100.0,4,Good
378,87,341,6,101,32,0,0,100,125,7,7,33,1,3,0,0,0,6,,3,2,0,27,0.14903129657228018,False,False,97.0,8,Good
563,88,322,7,109,14,0,0,100,125,7,7,15,1,43,1,1,1,9,67.0,1,2,0,50,0.14903129657228018,False,False,93.0,7,Good
377,77,197,10,71,33,0,0,100,125,7,7,33,1,15,8,0,0,37,,2,1,1,30,0.14903129657228018,False,False,100.0,9,Good
197,80,95,30,65,5,0,0,80,67,7,6,5,0,60,0,0,0,2,57.0,1,1,0,67,0.14903129657228018,True,False,100.0,3,Good
101,59,120,7,32,7,1,1,86,5,6,6,24,2,57,36,1,1,42,95.0,1,2,0,100,0.628930817610063,True,True,29.0,24,Bad
651,75,126,9,64,7,0,0,100,125,7,7,7,1,57,0,0,0,101,59.0,2,3,2,100,0.14903129657228018,False,False,100.0,7,Good
438,71,108,1,55,14,1,1,88,62,7,3,17,4,63,2,3,3,37,95.0,2,3,0,63,0.14903129657228018,True,False,82.0,10,Good
42,86,174,3,77,22,0,0,95,46,7,6,22,1,23,2,2,2,2,99.0,1,2,0,50,0.14903129657228018,True,False,100.0,11,Good
234,83,83,22,80,7,0,0,100,125,7,7,11,0,29,2,1,1,30,43.0,2,1,0,75,0.14903129657228018,False,False,64.0,8,Good
601,64,98,3,50,31,0,0,97,14,7,6,32,3,56,0,2,2,46,21.0,4,6,1,83,0.14903129657228018,True,False,97.0,26,Good
777,85,190,2,49,9,0,0,100,125,7,7,10,2,30,3,1,1,5,56.0,2,2,0,57,0.14903129657228018,False,False,90.0,5,Good
40,79,138,16,71,19,0,0,95,125,7,6,19,0,42,0,0,0,17,92.0,2,3,1,71,0.14903129657228018,True,False,100.0,13,Bad
615,86,357,6,88,20,0,0,100,125,7,7,20,3,30,6,0,0,2,,2,1,0,25,0.14903129657228018,False,False,100.0,5,Bad
5,62,322,1,40,16,1,0,94,23,7,5,28,5,44,36,4,4,31,84.0,7,4,1,85,0.14903129657228018,True,False,57.0,23,Bad
338,59,374,6,117,65,0,0,99,6,6,6,67,5,46,36,0,0,42,50.0,12,7,4,69,0.628930817610063,True,True,97.0,46,Good
344,68,89,8,52,20,0,0,86,55,7,6,21,2,14,0,1,1,29,79.0,7,2,0,67,0.14903129657228018,True,False,95.0,14,Bad
673,66,265,6,101,32,3,2,86,8,6,2,36,4,33,0,1,1,39,,7,1,1,89,0.628930817610063,True,True,89.0,32,Bad
789,60,165,2,79,43,0,0,92,9,6,6,49,2,47,0,0,0,73,89.0,7,2,0,77,0.628930817610063,True,True,88.0,37,Bad
704,85,269,18,145,20,0,0,100,125,7,7,20,0,25,10,0,0,20,,5,1,0,64,0.14903129657228018,False,False,100.0,12,Bad
186,91,449,4,149,11,0,0,100,125,7,7,11,2,9,0,0,0,0,,1,1,0,25,0.14903129657228018,False,False,100.0,2,Bad
701,58,206,3,81,32,2,0,91,35,7,5,34,1,50,1,2,2,54,85.0,4,2,1,64,0.14903129657228018,True,False,94.0,21,Bad
547,61,84,12,28,4,2,2,80,61,7,2,6,0,60,0,3,3,101,93.0,2,2,2,100,0.14903129657228018,True,False,67.0,6,Bad
417,86,70,9,39,10,0,0,100,125,7,7,10,1,10,0,0,0,0,,1,1,0,22,0.14903129657228018,False,False,100.0,2,Bad
346,68,203,13,84,23,0,0,96,1,6,6,24,0,42,0,0,0,81,68.0,4,3,3,89,0.628930817610063,True,True,96.0,21,Bad
746,76,114,7,51,23,0,0,100,125,7,7,23,6,35,0,0,0,1,90.0,1,3,0,50,0.14903129657228018,False,False,100.0,11,Bad
690,83,179,5,53,25,0,0,100,125,7,7,26,2,4,36,1,1,18,,5,1,0,55,0.14903129657228018,False,False,96.0,14,Good
485,59,183,47,133,2,4,4,40,13,7,2,7,0,20,0,1,1,27,,3,1,0,100,0.14903129657228018,True,False,29.0,7,Bad
303,58,274,11,144,9,2,0,64,41,6,5,11,1,36,0,3,3,68,15.0,2,3,1,100,0.628930817610063,True,True,82.0,11,Bad
660,88,193,17,119,12,0,0,100,125,7,7,14,0,33,36,2,2,17,,2,1,0,75,0.14903129657228018,False,False,86.0,10,Good
621,80,163,3,71,33,0,0,100,125,7,7,33,2,9,0,1,1,3,62.0,5,2,1,32,0.14903129657228018,False,False,100.0,10,Good
402,63,257,6,90,28,0,0,93,2,6,6,29,4,14,0,5,5,60,87.0,3,3,1,60,0.628930817610063,True,True,97.0,17,Bad
51,73,123,9,68,41,2,2,95,59,7,4,43,1,56,0,1,1,37,115.0,4,19,1,77,0.14903129657228018,True,False,95.0,33,Good
670,88,304,3,96,29,0,0,100,125,7,7,31,2,37,0,0,0,18,,2,1,0,33,0.14903129657228018,False,False,94.0,10,Good
280,69,192,2,106,27,3,1,88,15,7,4,32,5,53,36,2,2,15,23.0,4,4,0,67,0.14903129657228018,True,False,84.0,21,Bad
616,68,269,8,87,26,0,0,85,8,6,6,27,3,48,5,0,0,39,81.0,6,4,1,83,0.628930817610063,True,True,96.0,22,Good
20,72,63,3,38,5,0,0,100,125,7,7,5,1,0,0,3,3,85,,4,2,1,100,0.14903129657228018,False,False,100.0,5,Bad
154,68,207,2,86,30,0,0,94,2,6,6,57,3,16,36,2,2,19,51.0,3,2,0,36,0.628930817610063,True,True,53.0,20,Bad
362,73,188,2,58,23,0,0,100,125,7,7,25,5,40,0,4,4,43,87.0,5,3,2,62,0.14903129657228018,False,False,92.0,15,Good
585,87,126,7,71,21,0,0,100,125,7,7,22,1,38,13,0,0,10,50.0,2,2,0,67,0.14903129657228018,False,False,95.0,14,Good
190,81,220,2,91,20,0,0,100,125,7,7,23,2,39,36,2,2,36,,3,1,1,67,0.14903129657228018,False,False,87.0,15,Good
680,76,348,7,119,29,0,0,100,125,7,7,29,1,28,0,0,0,33,89.0,10,2,1,65,0.14903129657228018,False,False,100.0,18,Good
637,83,97,10,45,15,0,0,100,125,7,7,15,2,40,0,0,0,5,69.0,2,3,0,42,0.14903129657228018,False,False,100.0,6,Good
356,92,325,27,137,16,0,0,100,125,7,7,16,0,31,0,0,0,1,,2,1,0,38,0.14903129657228018,False,False,100.0,6,Good
675,59,191,3,49,54,0,0,100,125,7,7,65,10,43,1,4,4,83,95.0,6,5,3,100,0.14903129657228018,False,False,83.0,65,Bad
79,65,75,1,36,9,2,2,75,38,7,4,12,2,58,4,1,1,33,46.0,2,3,1,100,0.14903129657228018,True,False,75.0,12,Bad
688,87,150,27,77,27,0,0,100,125,7,7,27,0,30,2,1,1,4,3.0,4,2,0,55,0.14903129657228018,False,False,100.0,14,Good
654,56,407,10,118,19,1,0,75,2,5,5,20,1,20,36,0,0,55,,8,1,5,91,0.628930817610063,True,True,95.0,18,Bad
102,57,81,2,47,13,1,1,79,13,7,6,15,1,64,0,1,1,48,19.0,5,4,0,100,0.14903129657228018,True,False,87.0,15,Bad
264,63,231,1,65,32,0,0,100,125,7,7,34,5,38,1,3,3,52,85.0,8,5,4,68,0.14903129657228018,False,False,94.0,23,Bad
530,64,142,1,34,12,2,2,85,35,7,2,21,6,33,0,2,2,24,67.0,5,3,0,67,0.14903129657228018,True,False,57.0,14,Bad
419,63,27,8,14,6,0,0,86,12,7,6,7,2,43,0,0,0,66,21.0,2,2,1,80,0.14903129657228018,True,False,86.0,5,Bad
37,75,212,3,31,12,0,0,92,16,7,6,23,3,42,2,1,1,15,97.0,3,2,0,83,0.14903129657228018,True,False,52.0,19,Bad
446,64,179,2,85,26,0,0,100,125,7,7,28,4,32,36,1,1,85,38.0,10,2,6,86,0.14903129657228018,False,False,93.0,24,Bad
119,74,218,9,71,24,0,0,100,125,7,7,24,2,38,8,0,0,42,88.0,7,3,0,77,0.14903129657228018,False,False,100.0,18,Good
665,65,208,3,56,14,2,1,88,57,2,5,43,4,13,36,4,4,14,,5,1,3,55,0.628930817610063,True,True,33.0,23,Bad
155,90,320,8,85,8,0,0,100,125,7,7,8,1,25,12,0,0,2,,2,2,0,67,0.14903129657228018,False,False,100.0,5,Good
109,71,179,4,68,32,1,1,97,50,7,3,33,5,21,1,5,5,43,45.0,12,4,3,76,0.14903129657228018,True,False,97.0,25,Bad
393,68,87,4,44,20,0,0,85,18,7,6,20,3,20,0,4,4,24,,8,2,0,77,0.14903129657228018,True,False,100.0,15,Bad
636,87,353,12,109,17,0,0,100,125,7,7,17,0,12,2,1,1,3,,3,1,0,44,0.14903129657228018,False,False,100.0,7,Good
525,57,60,35,46,4,5,5,75,42,7,6,9,0,50,0,1,1,9,93.0,2,1,0,100,0.14903129657228018,True,False,44.0,9,Bad
147,63,200,18,79,16,0,0,82,3,6,6,17,0,29,9,0,0,31,68.0,2,1,1,50,0.628930817610063,True,True,94.0,8,Bad
360,66,165,13,55,15,3,3,94,69,7,2,17,0,76,0,4,3,86,76.0,1,3,1,80,0.14903129657228018,True,False,88.0,13,Bad
531,63,282,2,112,20,0,0,71,12,7,6,21,1,29,0,1,0,51,,7,2,3,77,0.14903129657228018,True,False,95.0,16,Bad
78,79,300,23,87,29,0,0,80,12,7,6,30,0,47,0,0,0,0,,0,1,0,25,0.14903129657228018,True,False,97.0,7,Good
546,67,70,1,43,3,0,0,100,125,7,7,4,1,50,0,8,8,100,,1,1,0,100,0.14903129657228018,False,False,75.0,4,Bad
685,65,79,22,54,6,1,0,75,8,6,5,8,0,38,36,1,1,77,,4,1,0,100,0.628930817610063,True,True,75.0,8,Bad
202,77,260,4,97,29,0,0,97,40,7,6,30,2,13,0,0,0,36,,3,2,0,33,0.14903129657228018,True,False,97.0,9,Good
619,56,365,4,129,55,1,0,80,3,6,5,59,4,58,0,1,1,66,35.0,11,5,6,77,0.628930817610063,True,True,93.0,45,Bad
411,83,242,1,92,35,0,0,100,125,7,7,36,3,11,1,2,2,8,52.0,6,3,0,36,0.14903129657228018,False,False,97.0,12,Bad
542,61,229,21,114,20,3,1,68,8,6,4,25,0,36,0,2,2,63,86.0,6,3,1,90,0.628930817610063,True,True,80.0,22,Bad
815,63,270,3,67,6,3,1,50,22,7,3,10,3,30,0,0,0,61,87.0,4,2,0,86,0.14903129657228018,True,False,60.0,8,Good
39,76,102,24,46,7,0,0,100,125,7,7,7,0,100,23,0,0,27,24.0,3,3,0,100,0.14903129657228018,False,False,100.0,7,Good
521,89,188,38,83,21,0,0,100,125,7,7,21,0,29,0,0,0,0,,0,1,0,13,0.14903129657228018,False,False,100.0,2,Good
216,77,291,3,116,14,0,0,100,125,7,7,14,1,36,0,6,6,45,69.0,6,3,2,75,0.14903129657228018,False,False,100.0,10,Bad
382,61,69,4,22,9,0,0,100,125,7,7,9,4,44,36,2,2,38,63.0,2,2,1,83,0.14903129657228018,False,False,100.0,7,Bad
247,90,274,11,106,32,0,0,100,125,7,7,33,1,21,12,0,0,2,87.0,1,1,0,20,0.14903129657228018,False,False,97.0,6,Good
405,84,246,1,69,20,0,0,100,125,7,7,21,1,33,0,2,2,8,13.0,4,2,0,60,0.14903129657228018,False,False,95.0,12,Bad
306,79,185,1,56,39,0,0,100,125,7,7,40,5,38,0,1,1,1,70.0,3,3,0,50,0.14903129657228018,False,False,98.0,20,Good
728,72,169,3,76,39,0,0,98,20,7,6,41,5,39,0,3,2,26,92.0,4,4,1,53,0.14903129657228018,True,False,95.0,21,Bad
534,82,215,32,73,10,0,0,100,125,7,7,10,0,60,36,1,0,0,26.0,2,4,1,100,0.14903129657228018,False,False,100.0,10,Good
130,79,157,7,75,27,0,0,100,125,7,7,29,1,66,1,2,2,24,70.0,4,4,0,67,0.14903129657228018,False,False,93.0,19,Bad
664,79,170,31,86,4,0,0,100,125,7,7,4,0,25,0,0,0,71,,3,1,1,100,0.14903129657228018,False,False,100.0,4,Good
751,72,111,6,79,9,2,2,92,23,7,2,24,1,67,36,0,0,39,,4,2,2,83,0.14903129657228018,True,False,38.0,19,Bad
631,79,272,19,102,24,0,0,100,125,7,7,24,0,13,7,0,0,34,,4,1,1,42,0.14903129657228018,False,False,100.0,10,Good
401,84,150,11,68,23,0,0,100,125,7,7,25,1,24,0,0,0,1,,1,1,1,17,0.14903129657228018,False,False,92.0,4,Bad
180,77,210,6,85,36,0,0,100,125,7,7,39,1,19,36,1,1,30,53.0,3,2,1,31,0.14903129657228018,False,False,92.0,12,Good
497,64,330,10,112,8,1,0,67,6,6,5,9,1,33,0,0,0,84,89.0,4,2,2,75,0.628930817610063,True,True,89.0,6,Bad
786,71,85,4,50,48,0,0,100,125,7,7,49,4,4,2,6,6,12,,7,1,1,27,0.14903129657228018,False,False,98.0,13,Bad
283,77,124,1,52,19,0,0,100,125,7,7,22,4,45,0,4,4,30,95.0,1,4,1,71,0.14903129657228018,False,False,86.0,15,Bad
474,89,131,29,60,6,0,0,100,125,7,7,6,0,17,0,0,0,5,,1,1,0,40,0.14903129657228018,False,False,100.0,2,Good
769,64,56,40,47,2,2,0,50,20,7,5,4,0,50,0,0,0,27,23.0,3,2,0,100,0.14903129657228018,True,False,50.0,4,Bad
736,56,368,10,44,25,0,0,92,4,6,6,40,1,16,9,0,0,41,74.0,10,3,2,65,0.628930817610063,True,True,62.0,26,Good
702,74,179,3,92,26,0,0,100,125,7,7,28,3,32,36,2,2,52,60.0,8,4,4,75,0.14903129657228018,False,False,93.0,21,Good
156,84,128,3,48,23,0,0,100,125,7,7,23,3,30,0,1,1,14,99.0,4,3,0,64,0.14903129657228018,False,False,100.0,14,Good
262,80,270,18,128,32,0,0,100,125,7,7,32,0,38,0,0,0,25,31.0,3,6,1,77,0.14903129657228018,False,False,100.0,24,Good
345,70,219,9,93,23,0,0,91,11,6,6,23,2,22,0,0,0,39,,6,2,1,53,0.628930817610063,True,True,100.0,12,Bad
162,77,154,9,63,27,0,0,96,7,6,6,27,1,63,0,2,2,1,80.0,1,5,0,60,0.628930817610063,True,True,100.0,16,Good
249,84,93,4,37,7,0,0,100,125,7,7,7,4,29,36,3,3,16,,2,1,0,75,0.14903129657228018,False,False,100.0,5,Good
187,85,231,4,77,14,1,0,93,67,7,5,15,1,20,0,0,0,0,59.0,1,1,0,38,0.14903129657228018,True,False,93.0,5,Bad
565,68,149,9,71,22,1,0,91,9,6,5,23,2,26,0,1,1,26,69.0,5,3,1,57,0.628930817610063,True,True,96.0,13,Good
766,64,128,1,59,32,0,0,94,4,6,6,35,2,12,36,2,2,19,42.0,3,1,1,31,0.628930817610063,True,True,91.0,10,Bad
512,68,86,2,32,26,0,0,100,125,7,7,28,5,25,0,4,4,22,92.0,5,3,0,57,0.14903129657228018,False,False,93.0,15,Good
170,77,148,27,96,13,0,0,100,125,7,7,14,0,50,0,2,2,75,,1,1,0,100,0.14903129657228018,False,False,93.0,14,Good
208,77,157,33,82,17,1,1,94,18,7,2,18,0,33,14,0,0,2,,4,2,0,50,0.14903129657228018,True,False,94.0,9,Good
396,68,348,12,91,34,0,0,100,125,7,7,34,0,32,0,0,0,78,68.0,11,4,7,76,0.14903129657228018,False,False,100.0,25,Good
694,67,143,2,51,27,0,0,97,56,7,6,31,4,69,1,5,5,57,95.0,5,4,2,90,0.14903129657228018,True,False,87.0,27,Bad
223,69,362,5,125,16,0,0,82,25,7,6,17,1,47,0,2,2,63,,4,1,3,71,0.14903129657228018,True,False,94.0,12,Bad
329,60,65,8,28,22,1,1,95,14,7,6,27,4,14,14,0,0,27,59.0,7,3,1,50,0.14903129657228018,True,False,81.0,13,Bad
243,72,151,12,63,39,1,0,86,7,6,5,44,0,66,0,1,1,11,,1,1,0,33,0.628930817610063,True,True,89.0,14,Bad
9,68,89,9,40,10,2,2,91,81,7,2,11,1,45,0,0,0,48,86.0,3,4,1,88,0.14903129657228018,True,False,91.0,9,Bad
266,78,306,1,80,19,0,0,90,13,7,6,20,3,40,0,1,1,9,,6,1,0,64,0.14903129657228018,True,False,95.0,12,Good
270,74,462,5,66,20,0,0,90,38,7,6,27,2,20,4,2,2,41,,4,1,2,83,0.14903129657228018,True,False,74.0,22,Good
381,63,242,2,68,25,0,0,100,125,7,7,26,1,19,36,3,3,73,,12,1,5,87,0.14903129657228018,False,False,96.0,22,Bad
441,66,98,4,31,15,1,1,94,35,7,2,35,1,50,36,0,0,58,78.0,5,4,1,91,0.14903129657228018,True,False,43.0,31,Bad
647,72,29,3,20,11,0,0,100,125,7,7,11,3,18,0,2,1,6,,3,1,0,44,0.14903129657228018,False,False,100.0,4,Good
591,79,197,26,108,43,0,0,100,125,7,7,45,0,72,0,7,7,10,15.0,4,3,1,80,0.14903129657228018,False,False,96.0,36,Good
644,87,179,67,217,4,0,0,100,125,7,7,4,0,25,36,0,0,33,,3,1,0,100,0.14903129657228018,False,False,100.0,4,Good
792,55,289,2,85,20,1,1,78,3,6,6,24,2,30,0,2,2,36,13.0,7,3,1,77,0.628930817610063,True,True,83.0,18,Good
623,87,165,5,79,14,0,0,100,125,7,7,15,4,20,4,1,1,3,,1,1,0,33,0.14903129657228018,False,False,93.0,4,Good
60,73,136,18,63,36,0,0,100,125,7,7,36,0,19,36,0,0,38,,14,1,3,79,0.14903129657228018,False,False,100.0,28,Bad
501,74,160,5,52,16,0,0,100,125,7,7,16,4,56,36,2,2,54,45.0,5,2,1,88,0.14903129657228018,False,False,100.0,14,Bad
89,89,317,48,155,9,0,0,100,125,7,7,10,0,20,0,0,0,6,,4,2,0,80,0.14903129657228018,False,False,90.0,8,Good
254,62,353,2,119,27,1,1,86,2,6,6,29,6,41,0,2,2,37,99.0,8,7,1,89,0.628930817610063,True,True,93.0,25,Bad
19,59,180,4,60,49,0,0,98,20,7,6,49,6,37,2,3,3,45,70.0,10,4,2,82,0.14903129657228018,True,False,100.0,40,Bad
35,72,174,3,55,21,0,0,95,65,7,6,22,3,36,36,5,5,17,98.0,3,2,1,56,0.14903129657228018,True,False,95.0,12,Bad
809,81,181,1,74,13,0,0,93,19,7,6,14,1,29,36,3,3,11,48.0,2,1,0,60,0.14903129657228018,True,False,93.0,8,Good
724,68,135,5,64,19,2,0,90,12,7,5,21,4,52,0,0,0,41,92.0,7,2,1,82,0.14903129657228018,True,False,90.0,17,Good
241,89,342,25,110,8,0,0,100,125,7,7,8,0,63,0,0,0,0,,0,2,0,0,0.14903129657228018,False,False,100.0,0,Good
144,67,14,14,14,2,0,0,100,125,7,7,2,0,0,3,1,1,82,,2,2,1,100,0.14903129657228018,False,False,100.0,2,Bad
6,73,211,5,71,38,0,0,98,42,7,6,43,5,49,0,1,1,33,100.0,4,4,0,57,0.14903129657228018,True,False,88.0,24,Bad
313,73,94,3,49,21,0,0,95,57,7,6,22,2,36,0,2,2,42,47.0,3,2,1,56,0.14903129657228018,True,False,95.0,12,Bad
